,Expected Return,Expected Volatility,Sharpe Ratio
Original Portfolio,0.239307702,0.180091431,1.092821021
Minimum Volatility Portfolio,0.188943372,0.143749172,1.018742372
Markowitz Portfolio,0.431423115,0.203539686,1.910797459
