,Expected Return,Expected Volatility,Sharpe Ratio
Original Portfolio,0.2393076961137341,0.18009143863553928,1.0928209447647559
Minimum Volatility Portfolio,0.1889434132126856,0.1437491765824251,1.018742623048805
Markowitz Portfolio,0.4314229618637989,0.20353959989079262,1.9107975159255108
