,Expected Return,Expected Volatility,Sharpe Ratio
Original Portfolio,0.23930769927221524,0.18009143248954432,1.0928209995977538
Minimum Volatility Portfolio,0.18894338158396315,0.1437491702239864,1.018742448083552
Maximum Sharpe Ratio Portfolio,0.43142298685089087,0.20353961308680377,1.9107975148062528
