,Expected Return,Expected Volatility,Sharpe Ratio
Original Portfolio,0.23930769673972446,0.18009143495137525,1.092820970596756
Minimum Volatility Portfolio,0.18894339790976075,0.14374917466574688,1.0187425301764592
Maximum Sharpe Ratio Portfolio,0.43142311652651183,0.20353968234303674,1.9107975017423782
